,subcategory,prompt,stimulus,choices,correct_choice,explanation
0,Analogies,LIBRARY is to BOOKS as …,,"{'A': 'FOREST is to TREES', 'B': 'MUSEUM is to ARTIFACTS', 'C': 'OVEN is to BAKE', 'D': 'RIVER is to FLOW', 'E': 'TARGET is to AIM'}",B,"B: A library is a place where books are stored or kept, just as a museum is a place where artifacts are stored or displayed. The analogy tests the relationship of a storage or containment location to the items it holds. Option A is close but represents a natural grouping rather than a built storage space. The other options involve tools for actions or purposes rather than storage."
1,Analogies,OCEAN is to BODY OF WATER as …,,"{'A': 'MOUNTAIN is to VALLEY', 'B': 'PIANO is to KEYBOARD', 'C': 'NOVEL is to LITERATURE', 'D': 'PARENT is to CHILD', 'E': 'DOG is to WOLF'}",C,"C: An ocean is a specific type or example of a body of water, similar to how a novel is a specific type or example of literature. This analogy examines the part-to-whole or example-to-category relationship. Options A and E show opposites or related pairs, while B and D involve instruments or familial connections, not categorical examples."
2,Analogies,GARAGE is to VEHICLES as …,,"{'A': 'STORM is to RAIN', 'B': 'ENGINE is to MACHINE', 'C': 'ELEPHANT is to HERD', 'D': 'COOKBOOK is to RECIPES', 'E': 'PREQUEL is to SEQUENCE'}",D,"D: A cookbook is a collection or “container” for recipes, similar to a garage for vehicles. The analogy is about something that holds or organizes specific items. Options A (cause-effect), B (part-whole), C (member-group), E (part-sequence) are distractors."
3,Sentence Completion,"Choose the word or words that, when inserted in the sentence to replace the blank or blanks, best fits the meaning of the sentence. Despite the team's initial _________, bolstered by their early successes, they soon realized the project required far more resources than anticipated.",,"{'A': 'optimism', 'B': 'pessimism', 'C': 'skepticism', 'D': 'cynicism', 'E': 'fatalism'}",A,"A: The sentence describes a team that started with positive expectations due to early successes but later faced challenges, so “optimism” fits the context of initial high hopes. The other options imply negative attitudes (pessimism, skepticism, cynicism, fatalism), which contrast with the “bolstered by their early successes” clue."
4,Sentence Completion,"Choose the word or words that, when inserted in the sentence to replace the blank or blanks, best fits the meaning of the sentence. The detective presented the evidence under the _________ of routine procedure, but in truth, it was a calculated move to _________ the suspect's confession.",,"{'A': 'pretense ... elicit', 'B': 'openness ... suppress', 'C': 'veil ... enhance', 'D': 'cover ... conceal', 'E': 'banner ... undermine'}",A,"A: The sentence indicates the detective was pretending the evidence presentation was routine, but the real intent was to draw out or provoke a confession, making “pretense” (a false show) and “elicit” (to draw out) the best fit. Options B and E suggest honesty or promotion, which don't align with the hidden motive. C and D involve hiding but don't match the goal of obtaining a confession."
5,Sentence Completion,"Choose the word or words that, when inserted in the sentence to replace the blank or blanks, best fits the meaning of the sentence. Seemingly _________ by the strict rules of the competition, the athlete chose to ignore them entirely and pursue her own unorthodox strategy.",,"{'A': 'encouraged', 'B': 'restricted', 'C': 'emboldened', 'D': 'liberated', 'E': 'undeterred'}",E,"E: The sentence shows the athlete was apparently not held back or discouraged by the rules, as she ignored them to follow her own path, so “undeterred” (not discouraged or prevented) fits the contrast implied by “seemingly” and the decision to proceed unconventionally. Options A and C suggest positive motivation from the rules, which doesn't match ignoring them. B and D imply limitation or freedom, but not the lack of influence."
6,Sentence Completion,"Choose the word or words that, when inserted in the sentence to replace the blank or blanks, best fits the meaning of the sentence. The team's decision to implement the new software gradually meant that it was challenging to _________ its impact, and the _________ of the system were not fully understood until several months later, when productivity began to decline.",,"{'A': 'assess ... benefits', 'B': 'envision ... outcomes', 'C': 'track ... drawbacks', 'D': 'evaluate ... features', 'E': 'quantify ... constraints'}",C,"C: The sentence describes a gradual implementation of a new software system, making it difficult to understand its impact initially, with negative consequences (declining productivity) becoming clear later. The first blank requires a verb that means observing or monitoring progress over time, and “track” fits best as it implies following the development or impact of something. The second blank needs a noun that aligns with the negative outcome (declining productivity), and “drawbacks” is the most appropriate choice, as it refers to disadvantages or negative aspects of the system."
7,Sentence Completion,"Choose the word or words that, when inserted in the sentence to replace the blank or blanks, best fits the meaning of the sentence. The passionate keynote speaker, who delivered an inspiring speech at the annual conference, _________ the audience to take immediate action to support the environmental initiative.",,"{'A': 'deceived', 'B': 'urged', 'C': 'uncovered', 'D': 'expressed', 'E': 'ensnared'}",B,"B: The sentence describes a keynote speaker delivering an inspiring speech to motivate the audience to support an environmental initiative. The blank requires a verb that conveys a strong call to action. “Urged” is the best fit, as it means to strongly encourage or persuade someone to act, aligning with the inspiring and motivational context."
8,Opposites,Choose the word that is most nearly OPPOSITE to the word in capital letters. SPURIOUS,,"{'A': 'authentic', 'B': 'costly', 'C': 'refurbished', 'D': 'fabricated', 'E': 'overstated'}",A,"A: “Spurious” means false, fake, or not genuine, often used to describe something that appears to be true but is not. The opposite of “spurious” would be a word meaning genuine or true. “Authentic” is the best choice, as it directly means genuine or real, clearly opposing the meaning of “spurious.”"
9,Opposites,Choose the word that is most nearly OPPOSITE to the word in capital letters. ALLEGED,,"{'A': 'confirmed', 'B': 'suspected', 'C': 'disputed', 'D': 'rumored', 'E': 'plausible'}",A,"A: “Alleged” means claimed or asserted without proof, often implying uncertainty. The opposite is a word meaning verified or proven to be true. “Confirmed” is the best choice, as it directly means established as true, opposing the uncertainty of “alleged.” Incorrect options (suspected, disputed, rumored, plausible) either align with uncertainty or are unrelated to the concept of proof."
10,Analogies,GENEROSITY is to EXTRAVAGANCE as ...,,"{'A': 'PRIDE is to ARROGANCE', 'B': 'COURAGE is to FEAR', 'C': 'LOYALTY is to DUTY', 'D': 'TRUST is to SKEPTICISM', 'E': 'MODESTY is to HUMILITY'}",A,"A: The relationship between “generosity” and “extravagance” is that extravagance is an extreme or excessive form of generosity, often with a negative connotation. Similarly, “arrogance” is an extreme or negative form of “pride,” making this the correct analogy. Incorrect options (courage to fear, loyalty to duty, trust to skepticism, modesty to humility) do not reflect the same excessive or negative escalation."
11,Analogies,MALICIOUS is to SPITE as ...,,"{'A': 'CONSISTENT is to AGREEMENT', 'B': 'CAUTIOUS is to PRUDENCE', 'C': 'ETHICAL is to DILEMMA', 'D': 'CLEVER is to WIT', 'E': 'BOLD is to AUDACITY'}",B,"B: “Malicious” describes an intent to harm, and “spite” is the resulting action or feeling driven by that intent. Similarly, “cautious” describes a careful approach, and “prudence” is the quality or behavior that reflects caution, making this the correct analogy. Incorrect options (consistent to agreement, ethical to dilemma, clever to wit, bold to audacity) do not maintain the same intent-to-outcome relationship."
12,Sentence Completion,"Choose the word or words that, when inserted in the sentence to replace the blank or blanks, best fits the meaning of the sentence. The organization’s _________ commitment to innovation initially fueled its rapid expansion, but a sudden _________ in funding led to project delays and diminished employee morale.",,"{'A': 'steadfast ... surge', 'B': 'wavering ... increase', 'C': 'resolute ... shortfall', 'D': 'fleeting ... growth', 'E': 'inconsistent ... reduction'}",C,"C: The sentence describes an organization’s strong dedication to innovation driving growth, followed by a negative shift due to funding issues, resulting in delays and low morale. The first blank needs an adjective indicating strong commitment, and “resolute” (meaning determined and unwavering) fits best. The second blank requires a noun indicating a negative financial change, and “shortfall” (a deficit or lack of funds) aligns with the context of project delays and reduced morale."
13,Sentence Completion,"Choose the word or words that, when inserted in the sentence to replace the blank or blanks, best fits the meaning of the sentence. The city’s _________ efforts to revitalize its downtown area initially attracted new businesses, but an unexpected _________ in infrastructure investment caused setbacks and public dissatisfaction.",,"{'A': 'vigorous ... boost', 'B': 'halfhearted ... decline', 'C': 'persistent ... withdrawal', 'D': 'temporary ... expansion', 'E': 'sporadic ... cutback'}",C,"C: The sentence describes a city’s ongoing efforts to improve its downtown, leading to initial success, followed by a negative outcome due to reduced infrastructure investment, causing setbacks and dissatisfaction. The first blank needs an adjective suggesting sustained effort, and “persistent” (meaning continuous and determined) fits well. The second blank requires a noun indicating a reduction in resources, and “withdrawal” (implying a pulling back of investment) matches the context of setbacks."
14,Exact Match Count,How many of the five items in the left-hand column are exactly the same as the corresponding entry in the right-hand column?,"{'pairs': [['Apex Consulting LLC', 'Apex Consulting LCC'], ['Banner Technologies', 'Banner Technologies'], ['Crown Jewelers', 'Crown Jewellers'], ['Delta Force Security', 'Delta Force Security'], ['Eagle Eye Investigations', 'Eagle Eye Investigations']], 'pair_count': 5}","{'A': '1', 'B': '2', 'C': '3', 'D': '4', 'E': '5'}",C,"C: “Apex Consulting LLC” and “Apex Consulting LCC” are different. “Crown Jewelers” and “Crown Jewellers” are also different. Therefore, 3 items are exactly the same."
15,Exact Match Count,How many of the five items in the left-hand column are exactly the same as the corresponding entry in the right-hand column?,"{'pairs': [['Franklin, Robert D.', 'Franklin, Robert B.'], ['Goodman, Alice M.', 'Goodman, Alice M.'], ['Harris, Samuel T.', 'Harris, Samuel T.'], ['Irvine, Laura P.', 'Irvine, Laura R.'], ['Jackson, Kyle B.', 'Jackson, Kyle B.']], 'pair_count': 5}","{'A': '1', 'B': '2', 'C': '3', 'D': '4', 'E': '5'}",C,"C: “Franklin, Robert D.” and “Franklin, Robert B.” are different. “Irvine, Laura P.” and “Irvine, Laura R.” are also different. Therefore, 3 items are exactly the same."
16,Exact Match Count,How many of the five items in the left-hand column are exactly the same as the corresponding entry in the right-hand column?,"{'pairs': [['Phoenix, AZ', 'Phoenix, AZ'], ['Atlanta, GA', 'Atlanta, G.A.'], ['Denver, CO', 'Denver, CO'], ['Boston, MA', 'Boston, MA'], ['Chicago, IL', 'Chicago, IL']], 'pair_count': 5}","{'A': '1', 'B': '2', 'C': '3', 'D': '4', 'E': '5'}",D,"D: “Atlanta, GA” and “Atlanta, G.A.” are different (due to the period after the second initial). Therefore, 4 items are exactly the same."
17,Basic Arithmetic Word Problems,A sandwich costs $4.50. How much will it cost to buy four sandwiches?,,"{'A': '$16.00', 'B': '$17.50', 'C': '$18.00', 'D': '$18.50', 'E': '$19.00'}",C,"C: To find the total cost of four sandwiches we can use some quick mental math: $4 × 4 sandwiches = $16.00 $0.50 × 4 = $2.00 $16.00 + $2.00 = $18.00 Therefore, the correct answer is option C."
18,Number Comparison,Which of the following is the smallest value?,,"{'A': '0.62', 'B': '0.407', 'C': '0.093', 'D': '0.155', 'E': '0.28'}",C,"C: To determine the smallest value, compare the digits starting from the tenths place: 0. 6 2 0. 4 07 0. 0 93 0. 1 55 0. 2 8 Since all other numbers are larger than one-tenth, 0.093 is the smallest. The correct answer is option C."
19,Basic Arithmetic Word Problems,"A bookstore sells 528 novels in January. In February, it sells 187 more novels than in January. How many novels are sold in February?",,"{'A': '695', 'B': '705', 'C': '715', 'D': '725', 'E': '735'}",C,"C: The store sells 528 novels in January, and February’s sales are 187 more than this. We can add 528 and 187 to find the number of novels sold in February. We can use rounded numbers to easily solve without a calculator. Instead of adding 187, let’s add 200 and then subtract 13: 528 + 200 = 728 728 – 13 = 715 Therefore, the store sold 715 novels in February, and the correct answer is option C."
20,Basic Arithmetic Word Problems,"In a class of thirty students, one third of the students also play on the school’s basketball team. If five more students from the class join the basketball team, what percentage of students in the class will be on the basketball team?",,"{'A': '33%', 'B': '40%', 'C': '43%', 'D': '45%', 'E': '50%'}",E,"E: \frac{1}{3} of 30 students is 10, so initially 10 students play basketball. When 5 more join the basketball team, the total number of players becomes 15. To find the percentage, divide 15 by 30 and then multiply by one hundred: 15 ÷ 30 = 0.5 0.5 × 100 = 50% Therefore, the correct answer is option E."
21,Basic Arithmetic Word Problems,12 is 20% of what number?,,"{'A': '40', 'B': '50', 'C': '55', 'D': '60', 'E': '65'}",D,"D: If 12 is 20% of a number, we can set up an equation and solve: 0.20x = 12 x = 60 Therefore, the number is 60, and the correct answer is option D."
22,Number Series,What would be the next number in the following series? 4 … 8 … 16 … 32 … 64 …,,"{'A': '96', 'B': '112', 'C': '120', 'D': '128', 'E': '144'}",D,"D: Each number in the series is obtained by multiplying the previous number by 2: 4 × 2 = 8 8 × 2 = 16 16 × 2 = 32 32 × 2 = 64 64 × 2 = 128 Therefore, the correct answer is option D."
23,Logic Statements,"Assume the first two statements are true. Is the final statement: 1) True, 2) False, or 3) Uncertain based on the information provided? Sarah is taller than Michael. Emma is shorter than Michael. Sarah is shorter than Emma.",,"{'A': 'True', 'B': 'False', 'C': 'Uncertain'}",B,"B: The first statement establishes that Sarah is taller than Michael (S > M). The second statement indicates that Emma is shorter than Michael (E < M). Combining these, we know Sarah is taller than Michael, who is taller than Emma (S > M > E). The final statement claims Sarah is shorter than Emma (S < E), which contradicts the derived order (S > E). Therefore, the final statement is False."
24,Logic Statements,"Assume the first two statements are true. Is the final statement: 1) True, 2) False, or 3) Uncertain based on the information provided? All of Lisa’s teammates are also teammates of James. James is a teammate of Olivia. Olivia has exactly two teammates.",,"{'A': 'True', 'B': 'False', 'C': 'Uncertain'}",C,"C: The first statement means that all of Lisa’s teammates are also teammates of James. The second statement confirms that Olivia is a teammate of James. The final statement claims that Olivia has exactly two teammates. Since the first two statements do not provide specific information about the number of Olivia’s teammates (only that she is a teammate of James and that Lisa’s teammates are a subset of James’s), we cannot determine whether Olivia has exactly two teammates. It’s possible, but not guaranteed, so the answer is uncertain."
25,Logic Statements,"Assume the first two statements are true. Is the final statement: 1) True, 2) False, or 3) Uncertain based on the information provided? All projects assigned last month were exempt from the final review process. Tara was required to complete the final review process for her project. Tara’s project was assigned last month.",,"{'A': 'True', 'B': 'False', 'C': 'Uncertain'}",B,"B: The first statement indicates that all projects assigned last month were exempt from the final review process. The second statement states that Tara was required to complete the final review process for her project. The final statement claims that Tara’s project was assigned last month. The second statement confirms that Tara’s project required a review, which contradicts the exemption for last month’s projects. Therefore, Tara’s project could not have been assigned last month, making the final statement false."
26,Basic Arithmetic Word Problems,"A factory machine produces an average of 27.5 items every hour. If the machine only runs while the factory is open, and the factory is open for 40 hours each week, how many items will the machine produce over the course of 10 weeks?",,"{'A': '10,800', 'B': '11,000', 'C': '11,200', 'D': '11,400', 'E': '11,600'}",B,"B: The machine produces 27.5 items every hour. In one week, it runs for 40 hours, so multiplying 27.5 by 40 gives 1,100 items per week. Over 10 weeks, multiplying 1,100 by 10 gives a total of 11,000 items. Therefore, the correct answer is option B."
27,Basic Arithmetic Word Problems,"A carpenter can complete a project in 2.5 hours. His apprentice takes 5 hours to complete the same project. If both individuals start working at the same time, and each work 50 hours for one week, how many total projects will they have finished?",,"{'A': '28', 'B': '29', 'C': '30', 'D': '31', 'E': '32'}",C,"C: We can find how many projects the carpenter and apprentice both complete and add them together. Carpenter: 50 hours ÷ 2.5 projects per hour = 20 Apprentice: 50 hours ÷ 5 projects per hour = 10 20 + 10 = 30 total projects Together they finish 30 projects, making option C correct."
28,Basic Arithmetic Word Problems,"A group of four numbers has an average (arithmetic mean) of 18. The first three numbers are 12, 27, and 9. What is the fourth number?",,"{'A': '22', 'B': '23', 'C': '24', 'D': '25', 'E': '26'}",C,"C: To find the fourth number, begin by multiplying the average by the number of values. Since the average is 18 and there are four numbers, the total sum must be: 18 × 4 = 72 Next, add the first three numbers: 12 + 27 + 9 = 48 Subtract this sum from the required total: 72 − 48 = 24 The fourth number must be 24, which is option C."
29,Basic Arithmetic Word Problems,An investor buys shares in a company for $8 per share. The shares increase by 20% in the first year and then by 25% in the second year. What will the price of the stock be after two years?,,"{'A': '$11.80/share', 'B': '$12.00/share', 'C': '$12.40/share', 'D': '$12.60/share', 'E': '$12.80/share'}",B,"B: Start with $8 (year 1). After the first year, the stock increases by 20%: $8 × .20 = $1.60 $8 + $1.60 = $9.60 Continue with $9.60 (year 2). After the second year, the stock increased by 25%: $9.60 × .25 = $2.40 $9.60 + $2.40 = $12.00 Therefore, the correct answer is option B."
30,Basic Arithmetic Word Problems,"A weather service estimates there is a 30% chance of rain on any given day. If this is correct and someone is planning a two-day outdoor event, what is the probability that it will not rain on either day?",,"{'A': '42%', 'B': '45%', 'C': '49%', 'D': '51%', 'E': '70%'}",C,"C: The probability of no rain on a single day is the complement of 30%, which is 70%. For two independent days, multiply 70% by 70%: 0.7 × 0.7 = 0.49 0.49 × 100 = 49% Therefore, the correct answer is option C."
31,Basic Arithmetic Word Problems,"A concert hall knows it can sell all 800 seats at a price of $25 each. However, if the price is raised to $30, the hall expects to fill only 85% of the seats. By what percentage would revenue increase if the hall charges the higher price?",,"{'A': '0%', 'B': '2%', 'C': '4%', 'D': '6%', 'E': '8%'}",B,"B: At $25 per ticket, the hall sells 800 seats for a revenue of: 800 × $25 = $20,000 At $30 per ticket, the hall sells 85% of 800: 800 × .85 = 680 680 × $30 = $20,400 We can use the percent change formula to solve: ((New – Old) ÷ Old) × 100 (($20,400 - $20,000) ÷ $20,000) × 100 0.02 × 100 2% The percentage increase is 2%."
32,Basic Arithmetic Word Problems,A cycling race begins with 15 cyclists from Team A and 12 cyclists from Team B. Three cyclists from Team A and four cyclists from Team B do not finish the race. What percentage of the cyclists who finish the race are from Team A?,,"{'A': '50%', 'B': '60%', 'C': '63%', 'D': '66%', 'E': '75%'}",B,"B: Team A starts with 15 cyclists and loses 3, so 12 cyclists from Team A finish. Team B starts with 12 and loses 4, so 8 cyclists from Team B finish. The total number of finishers is 12 + 8 = 20. The fraction of finishers from Team A is 12 out of 20, which is 12/20 = 0.60, and converting to a percentage gives 60%. Therefore option B is correct."
33,Basic Arithmetic Word Problems,"What is the average (arithmetic mean) of the following numbers: 2, 5, 9, 15, and 29?",,"{'A': '10.0', 'B': '11.5', 'C': '12.0', 'D': '12.4', 'E': '13.0'}",C,"C: To find the arithmetic mean, first add the five numbers and then divide by the number of values (5): 2 + 5 + 9 + 15 + 29 = 60 60 ÷ 5 = 12 Therefore, option C is correct."
34,Basic Arithmetic Word Problems,"A souvenir shop sells postcards in four different sizes, offers ten different designs, and has each postcard available in three types of frames. How many different combinations of size, design, and frame are possible?",,"{'A': '100', 'B': '110', 'C': '120', 'D': '130', 'E': '140'}",C,"C: Each complete postcard choice consists of one size, one design, and one frame. The total number of unique combinations is the product of the number of options in each category: 4 sizes × 10 designs × 3 frames = 120 Therefore, option C is correct."
35,Basic Arithmetic Word Problems,"If a bag contains 50 marbles and you have a \frac{1}{5} chance of drawing a blue marble, how many blue marbles are in the bag?",,"{'A': '5', 'B': '8', 'C': '10', 'D': '12', 'E': '15'}",C,"C: A probability of 1/5 means one out of every five marbles is blue. To find how many marbles correspond to this fraction, multiply the total number of marbles by 1/5: 50 × \frac{1}{5} = 10 Therefore, there are 10 blue marbles in the bag and option C is correct."
36,Logic Statements,"Emma, Tom, and Sophia each have a pet: one a bird, one a rabbit, one a turtle, acquired in 2015, 2017, or 2019. Emma has a turtle. Tom acquired his pet in 2017. The rabbit’s owner acquired their pet first. Which is true?",,"{'A': 'Tom acquired a rabbit in 2017.', 'B': 'Emma acquired a turtle in 2015.', 'C': 'Sophia acquired a rabbit in 2015.', 'D': 'Tom acquired a turtle in 2017.', 'E': 'Sophia acquired a bird in 2019.'}",C,"C: Emma has the turtle (Clue 1), and Tom acquired his pet (bird or rabbit) in 2017 (Clue 2). The rabbit was acquired in 2015, the earliest year (Clue 3). Since Tom’s pet was in 2017, Sophia must have the rabbit in 2015. This leaves Tom with the bird in 2017 and Emma with the turtle in 2019. Option C (Sophia acquired a rabbit in 2015) is true based on these assignments. Other options contradict the clues."
37,Letter Series,What would be the next group of letters in the following series? pyeu … oyft … nygs … myhr …,,"{'A': 'lyiq', 'B': 'lyjr', 'C': 'kxip', 'D': 'lxiq', 'E': 'myiq'}",A,"A: A is the correct answer. Look at each position in the 4-letter groups separately. 1st letters: p - o - n - m: (letters decrease by 1) = l 2nd letters: y - y - y - y: (letters remain constant) = y 3rd letters: e - f - g - h: (letters increase by 1) = i 4th letters: u - t - s - r: (letters decrease by 1) = q That gives us lyiq, or option A."
38,Sentence Completion,"Choose the word or words that, when inserted in the sentence to replace the blank or blanks, best fits the meaning of the sentence. The artist’s use of bold colors and unique textures is what _____ her work from that of her peers.",,"{'A': 'blends', 'B': 'differentiates', 'C': 'nullifies', 'D': 'conceals', 'E': 'limits'}",B,"B : ""Differentiates"" means to make something distinct, which fits the sentence’s focus on how the artist’s work stands out from others."
39,Sentence Completion,"Choose the word or words that, when inserted in the sentence to replace the blank or blanks, best fits the meaning of the sentence. The hikers reached the summit just as the sun began to _____, casting a golden glow over the landscape after a long day.",,"{'A': 'ascend', 'B': 'rise', 'C': 'set', 'D': 'shine', 'E': 'eclipse'}",C,"C: ""Set"" is the most appropriate word, as it refers to the sun going down (after a long day), which fits the context of the sun casting a glow as it descends."
40,Sentence Completion,"Choose the word or words that, when inserted in the sentence to replace the blank or blanks, best fits the meaning of the sentence. Though the initial response to the proposal was positive, support for the initiative quickly _____ as logistical challenges emerged.",,"{'A': 'flourished', 'B': 'dissipated', 'C': 'surged', 'D': 'disappointed', 'E': 'ballooned'}",B,"B : ""Dissipated"" means gradually disappeared or lessened, which fits the sentence's idea of support declining due to challenges."
41,Sentence Completion,"Choose the word or words that, when inserted in the sentence to replace the blank or blanks, best fits the meaning of the sentence. The senator delivered her speech with the _________ of sincerity, yet every phrase was carefully crafted to _________ public opinion in her favor.",,"{'A': 'facade ... manipulate', 'B': 'passion ... strengthen', 'C': 'tone ... clarify', 'D': 'hint ... disguise', 'E': 'air ... contradict'}",A,"A: ""Facade"" implies a deceptive appearance of sincerity, and ""manipulate"" fits the idea of subtly steering public opinion."
42,Sentence Completion,"Choose the word or words that, when inserted in the sentence to replace the blank or blanks, best fits the meaning of the sentence. The artist's sudden shift from minimalism to chaotic abstraction seemed less a bold innovation than a desperate attempt to _________ waning public interest through a display of _________ novelty.",,"{'A': 'revive ... contrived', 'B': 'sustain ... timeless', 'C': 'discourage ... effortless', 'D': 'conceal ... genuine', 'E': 'inspire ... authentic'}",A,"A: The sentence implies the artist is trying to recover interest (""revive"") using something forced or artificial (""contrived"" novelty)."
43,Sentence Completion,"Choose the word or words that, when inserted in the sentence to replace the blank or blanks, best fits the meaning of the sentence. The scientist's groundbreaking research was initially met with skepticism, but over time it gained _____ among her peers, leading to widespread acceptance of her theories.",,"{'A': 'disdain', 'B': 'prominence', 'C': 'obfuscation', 'D': 'contention', 'E': 'derision'}",B,"B : ""Prominence"" fits the context as it indicates that the scientist's research became well-known and respected among her peers, contrasting with initial skepticism."
44,Sentence Completion,"Choose the word or words that, when inserted in the sentence to replace the blank or blanks, best fits the meaning of the sentence. Although the company claimed the layoffs were driven by economic necessity, the timing suggested a more _________ motive to _________ dissent within its ranks.",,"{'A': 'pragmatic ... encourage', 'B': 'obscure ... amplify', 'C': 'strategic ... silence', 'D': 'random ... expose', 'E': 'careless ... conceal'}",C,"C : The layoffs appear deliberate (""strategic"") and intended to suppress opposition (""silence"")."
45,Sentence Completion,"Choose the word or words that, when inserted in the sentence to replace the blank or blanks, best fits the meaning of the sentence. The organization's commitment to community service is _____, reflecting its core values of social responsibility and compassion.",,"{'A': 'superficial', 'B': 'emblematic', 'C': 'disingenuous', 'D': 'incidental', 'E': 'marginal'}",B,"B : ""Emblematic"" indicates that the commitment is a clear representation of the organization’s values."
46,Sentence Completion,"Choose the word or words that, when inserted in the sentence to replace the blank or blanks, best fits the meaning of the sentence. The biographer's account was praised for its elegance but criticized for its _________ treatment of facts, which seemed to _________ the subject's flaws entirely.",,"{'A': 'meticulous ... reveal', 'B': 'superficial ... overlook', 'C': 'harsh ... exaggerate', 'D': 'detailed ... expose', 'E': 'balanced ... emphasize'}",B,"B : The sentence contrasts elegance with lack of depth. ""Superficial"" fits that, and ""overlook"" aligns with ignoring flaws."
47,Analogies,ELEPHANT is to TUSK as PARROT is to ______.,,"{'A': 'feather', 'B': 'colorful', 'C': 'beak', 'D': 'talking', 'E': 'funny'}",C,C: Option (C) is the correct answer. A tusk is a telling sign of an elephant. It is located near the nose of the elephant. Option (C) is the best answer here as all parrots have a beak and it is also located around the nose area.
48,Analogies,COUNTRY is to PRESIDENT as STATE is to _______.,,"{'A': 'governor', 'B': 'senator', 'C': 'mayor', 'D': 'city council', 'E': 'prime minister'}",A,"A: The best choice is (A). A president is the highest ranking official (in the United States) for a country. We are looking for the highest-ranking official for a state. In this case, it would be a governor."
49,Analogies,PUPPY is to DOG as …,,"{'A': 'CHICK is to GIRL', 'B': 'DUCK is to BIRD', 'C': 'CALF is to GOAT', 'D': 'KITTEN is to CAT', 'E': 'EGG is to SHELL'}",D,"D : A kitten is a young cat, just as a puppy is a young dog. This is a relationship of a juvenile form to its adult form."
50,Analogies,POLITE is to RUDE as …,,"{'A': 'FRAGILE is to BRITTLE', 'B': 'ARROGANT is to CONFIDENT', 'C': 'HAPPY is to GLAD', 'D': 'SILENT is to HUSHED', 'E': 'OPTIMISTIC is to PESSIMISTIC'}",E,"E : ""Polite"" and ""rude"" are opposites, just as ""optimistic"" and ""pessimistic"" are opposites."
51,Exact Match Count,How many of the five items in the left-hand column are exactly the same as the corresponding entry in the right-hand column?,"{'pairs': [['Maple Ridge Properties', 'Maple Rige Properties'], ['Clearwater Insurance', 'Clearwater Insurance'], ['Beacon Construction', 'Beacon Construct'], ['Evergreen Technologies', 'Evergreen Technologies'], ['Silverline Transportation', 'Silverlines Transportation']], 'pair_count': 5}","{'A': '1', 'B': '2', 'C': '3', 'D': '4', 'E': '5'}",B,"B: ""Maple Ridge Properties"" and ""Maple Rige Properties"" are different. ""Beacon Construction"" and ""Beacon Construct"" are different. ""Silverline Transportation"" and ""Silverlines Transportation"" are also different. Therefore, 2 items are exactly the same."
52,Exact Match Count,How many of the five items in the left-hand column are exactly the same as the corresponding entry in the right-hand column?,"{'pairs': [['Silver Ridge Capital', 'Silverridge Capital'], ['Evergreen Systems', 'Evergreen System'], ['Windmill Technologies', 'Windmill Technologies'], ['Glacier Bay Insurance', 'Glacier Bay Insurances'], ['Harborfront Associates', 'Harborfront Associate']], 'pair_count': 5}","{'A': '1', 'B': '2', 'C': '3', 'D': '4', 'E': '5'}",A,"A: ""Silver Ridge Capital"" and ""Silverridge Capital"" are different. ""Evergreen Systems"" and ""Evergreen System"" are different. ""Glacier Bay Insurance"" and ""Glacier Bay Insurances"" are different. ""Harborfront Associates"" and ""Harborfront Associate"" are different."
53,Exact Match Count,How many of the five items in the left-hand column are exactly the same as the corresponding entry in the right-hand column?,"{'pairs': [['Fletcher & Co. Law Firm', 'Fletcher & Co. Law Firm'], ['Sunshine Construction Group', 'Sunshine Construction Groups'], ['Maple Tree Nursery', 'Mapple Tree Nursery'], ['Innovative Tech Solutions', 'Innovative Tech Solution'], ['Silver Mountain Resorts', 'Silver Mountain Resorts']], 'pair_count': 5}","{'A': '1', 'B': '2', 'C': '3', 'D': '4', 'E': '5'}",B,"B: ""Sunshine Construction Group"" and ""Sunshine Construction Groups"" are different, ""Innovative Tech Solutions"" and ""Innovative Tech Solution"" are different, and “Maple Tree Nursery” and “Mapple Tree Nursery” are different. Therefore, 2 items are exactly the same."
54,Opposites,"One word below is underlined. What is the OPPOSITE of that word? Sarah was not only beautiful, but also knowledgeable on various topics.",,"{'A': 'ignorant', 'B': 'informed', 'C': 'well read', 'D': 'cultured', 'E': 'seasoned'}",A,A: Option (A) is the best answer. Knowledgeable means “intelligent and well informed.” Ignorant is the best choice for an opposite word.
55,Opposites,One word below is underlined. What is the OPPOSITE of that word? It took a tremendous effort to win the game.,,"{'A': 'slight', 'B': 'huge', 'C': 'enormous', 'D': 'colossal', 'E': 'hulking'}",A,A: Option (A) is the best answer. Tremendous means “very great in amount.” The only term above that is opposite of tremendous is slight which means “small in degree or inconsiderable.”
56,Number Comparison,Which of the following numbers is the smallest?,,"{'A': '.91', 'B': '.94', 'C': '1.91', 'D': '1.01', 'E': '.98'}",A,"A: Option (A) is correct. Eliminate options (C) and (D) by seeing they have a 1 in front of them. Next, compare the tenths place for options (A), (B), and (E) – they all have a 9, so this does not help. Finally, compare the hundredths place and look for the smallest number – option (A)."
57,Basic Arithmetic Word Problems,15 is 30% of what number?,,"{'A': '35', 'B': '40', 'C': '45', 'D': '50', 'E': '55'}",D,"D: We can setup an equation to quickly solve this: 15 = 0.3x x = \frac{15}{0.3} To make the division easier without a calculator, multiply the numerator and the denominator by 10: x = \frac{15\times10}{0.3\times10}=\frac{150}{3} x = 50"
58,Basic Arithmetic Word Problems,"The total sales in October was $1,900, for November it was $500 less than October, and for December it was $1,200 more than October. The average monthly sales was _____ for these 3 months?",,"{'A': '$2,050', 'B': '$2,100.33', 'C': '$2,133.33', 'D': '$2,450', 'E': '$2,529.33'}",C,"C: We need to find the average for all 3 months. 1900 + (1900-500) + (1900+1200) = 6400. Take 6400 / 3 and get $2,133.33."
59,Basic Arithmetic Word Problems,"In an over-booked Champaign-Chicago flight, the plane has 140 seats, and the number of confirmed passengers was 110% of the plane capacity. How many passengers are to be transferred to other flights?",,"{'A': '10 passengers', 'B': '11 passengers', 'C': '12 passengers', 'D': '13 passengers', 'E': '14 passengers'}",E,E: The percentage of excess passengers = 110% – 100% = 10%. The number of excess passengers = (10%) * 140 = (10/100) * 140 = 14 passenger. The correct answer is option (E).
60,Basic Arithmetic Word Problems,"Two battery companies sold a total of 700 batteries last month. Company A sold 6 times as many batteries as Company B. Therefore, Company B sold _____ batteries.",,"{'A': '50', 'B': '75', 'C': '80', 'D': '100', 'E': '120'}",D,"D: We can quickly set up an equation to solve this. 6x + x = 700. 7x = 700. Divide both sides by 7 and get x = 100. If we have extra time, we can plug in the numbers to the equation to check -> 6(100) + 100 = 700."
61,Basic Arithmetic Word Problems,"The cost of 9 Oreo packages is $26. At this rate, it would cost ____ to buy 18 boxes.",,"{'A': '45', 'B': '49', 'C': '52', 'D': '54', 'E': '56'}",C,"C: The quickest way to solve this problem is to realize 18 is exactly double 9. So we can double 26 (26*2) which is $52.We could also set up a proportion where 9/26 = 18/x. We would then cross multiply and arrive at the same answer. Options (D) and (E) might be readily dismissed (even before any computations), since the South American share of tournaments won should be less than half the total (and definitely less than the total)."
62,Basic Arithmetic Word Problems,The number of countries applying for a loan from the World Monetary Fund (WMF) during a particular interval of time is 78. Out of these only 26 were ultimately granted the required loans. This is an acceptance rate of _____.,,"{'A': '1 in 10', 'B': '1 in 3', 'C': '1 in 50', 'D': '1 in 2022', 'E': 'None of the above'}",B,B: The acceptance rate = 26 country / 78 country = 1/ 3. The correct answer is option (B).
63,Basic Arithmetic Word Problems,"A cell can replicate itself 3,800 times every 30 seconds. At this rate, it would take ______ seconds to replicate itself 13,500 times.",,"{'A': '106.6', 'B': '108.6', 'C': '109.8', 'D': '111.8', 'E': '112'}",A,"A: We can set up a proportion to solve this question. 3800/30 = 13500/x. We cross-multiply to get 3800x = 405,000. We divide both sides by 3800 to get 106.6 seconds."
64,Basic Arithmetic Word Problems,"An American tourist arrived in Munich, Germany with cash money of $5000. She exchanged her US currency for European currency at the official rate of $1 = EUR 0.87, where EUR depicts a European Euro. She now possesses _____ Euros.",,"{'A': 'EUR 2175', 'B': 'EUR 4350', 'C': 'EUR 4860', 'D': 'EUR 4890', 'E': 'EUR 146,700'}",B,B: The amount of money = 5000 dollar = 5000 * ($ 1) = 5000 * (EUR 0.87) = EUR 4350. Option (B) is the correct answer.
65,Basic Arithmetic Word Problems,A drawer has 45 pens in it. There are 2 times as many red pens as there are blue pens. The drawer has ______ red pens in it.,,"{'A': '15', 'B': '20', 'C': '30', 'D': '35', 'E': '40'}",C,"C: We can set up an equation to solve this. x + 2x = 45 3x = 45 x = 15 The question asks for the number of red pens, which is (15*2) = 30."
66,Basic Arithmetic Word Problems,"A train sold 50 tickets for a route with 250 seats, meaning they sold tickets for _______ of their seats.",,"{'A': '15%', 'B': '20%', 'C': '25%', 'D': '30%', 'E': '33%'}",B,B: We can quickly divide 50 by 250 to get our answer of 20%. We can also make a fraction and simplify ---> 50/250 which = 1/5 when simplified.
67,Basic Arithmetic Word Problems,A bookstore sells 80 novels per day for 20 days in a month. It also sells 40 textbooks per day for the remaining 10 days of the month. What is the total number of books sold by the bookstore in one month?,,"{'A': '1600 books/month', 'B': '2000 books/month', 'C': '2800 books/month', 'D': '3200 books/month', 'E': '4000 books/month'}",B,"B: To find the total number of books sold in a month, we multiply the number of novels sold per day by the number of days they are sold (80 * 20 = 1600) and the number of textbooks sold per day by the number of days they are sold (40 * 10 = 400). Then we add these together to get 2000 books sold in a month."
68,Basic Arithmetic Word Problems,John needs to build a fence around his rectangular garden. The garden is 10 meters long and 5 meters wide. What is the total length of the fence John needs to buy?,,"{'A': '15 meters', 'B': '20 meters', 'C': '25 meters', 'D': '30 meters', 'E': '40 meters'}",D,D: The perimeter of a rectangle is calculated as 2 * (length + width). In this case: Perimeter = 2 * (10 + 5) = 2 × 15 = 30 meters
69,Number Series,"What is the next number in the following series? 0, 1, 4, 9, 16, 25, 36, 49, 64, 81, ….",,"{'A': '100', 'B': '121', 'C': '144', 'D': '169', 'E': '196'}",A,"A: The answer is option (A). This is a series of successive perfect squares. The next perfect square is 100. A perfect square is a number that can be expressed as the square of a number from the same number system. 100 is 10 2 . The pattern is 1 2 , 2 2 , 3 2 , 4 2 , etc….."
70,Letter Series,What would be the next group of letters in the following series? uxr … vxt … wxv … xxx … ?,,"{'A': 'yzv', 'B': 'zyv', 'C': 'zvw', 'D': 'wzw', 'E': 'yxz'}",E,"E: The first letters (u, v, w, x) follow a pattern of +1. The second letters (x, x, x, x) remains constant. The third letters (r, t, v, x) follow a pattern of +2. Following this pattern gives us y, x, z"
71,Logic Statements,"If the first two statements are true, is the final statement true? All native Americans have brown hair. Adam is a native American. Adam has brown hair.",,"{'A': 'True', 'B': 'False', 'C': 'Uncertain'}",A,"A: The three statements constitute a valid syllogism. The third sentence is a valid consequent of the two premises proposed by the first two sentences. Therefore, the answer is (A)."
72,Logic Statements,"If the first two statements are true, is the final statement true? The boy only ate pizza with pepperoni on it. The same boy was eating pizza. The pizza had pepperoni on it.",,"{'A': 'True', 'B': 'False', 'C': 'Uncertain'}",A,"A: The final statement is true. This is true because the first statement using the word “only.” We can now assume that the boy was eating pizza because it had pepperoni on it, which makes the final statement true."
73,Logic Statements,"If the first two statements are true, is the final statement true? All children love to play soccer. Adam (is a person who) hates to play soccer. Adam is a child.",,"{'A': 'True', 'B': 'False', 'C': 'Uncertain'}",B,"B: The premise that ‘all children love to play soccer’ rules out the possibility for a child to hate to play soccer. Therefore, the answer is (B)."
74,Ordering and Arrangement Logic,"Sophie, Tom, Uma, Victor, and Wendy are seated in a row. Sophie is sitting to the left of Tom. Victor is sitting immediately to the left of Uma. Wendy is seated last in line. If Tom is seated second in line, which of the following can be true about Uma's position?",,"{'A': 'Uma is first', 'B': 'Uma is second', 'C': 'Uma is third', 'D': 'Uma is fourth', 'E': 'Uma is last'}",D,D: The quickest way to solve this type of question is by quickly mapping out what we know and going from there: Chair 1: Sophie – We are told Sophie is seated to the left of Tom. This is the only option for her. Chair 2: Tom – We are told Tom is seated second in line. Chair 3: Victor – We are told Victor is seated immediately to the left of Uma. Chair 4: Uma – This is the only place Uma can be seated. Chair 5: Wendy – We are told Wendy is seated last in line.
75,Analogies,HAMMER is to BUILD as ...,,"{'A': 'PENCIL is to PAPER', 'B': 'RECIPE is to COOK', 'C': 'ENGINE is to PISTON', 'D': 'SHOVEL is to DIG', 'E': 'TARGET is to AIM'}",D,"D: This tests the relationship of “tool to primary function.” A HAMMER's primary function is to BUILD, just as a SHOVEL's primary function is to DIG. The other options don't show this tool-to-function relationship: A shows a tool to material, B shows instructions to action, C shows part-to-whole, E shows objective to action."
76,Analogies,MONDAY is to WEEKDAY as ...,,"{'A': 'MORNING is to EVENING', 'B': 'ROSE is to FLOWER', 'C': 'RIVER is to STREAM', 'D': 'STUDENT is to TEACHER', 'E': 'DOG is to WOLF'}",B,"B: This tests “specific example to category.” MONDAY is a specific type of WEEKDAY, just as a ROSE is a specific type of FLOWER. The other options show different relationships: A shows opposites, C shows size comparison, D shows different roles, E shows species relationships."
77,Analogies,CLOSET is to CLOTHES as ...,,"{'A': 'RAIN is to STORM', 'B': 'TELESCOPE is to LENS', 'C': 'HORSE is to STABLE', 'D': 'GARAGE is to CARS', 'E': 'CHAPTER is to NOVEL'}",D,"D: This tests “container/storage place to what it typically holds.” A CLOSET stores CLOTHES, just as a GARAGE stores CARS. The other options don't show this storage relationship: A shows sequential weather events, B shows instrument to component, C shows animal to shelter (reversed), E shows part to whole."
78,Sentence Completion,"Choose the word or words that, when inserted in the sentence to replace the blank or blanks, best fits the meaning of the sentence. The detective's keen _________ allowed her to notice subtle details that others missed, ultimately leading to the breakthrough in the case.",,"{'A': 'lethargy', 'B': 'acumen', 'C': 'apathy', 'D': 'mediocrity', 'E': 'negligence'}",B,"B: The context clues “keen,” “notice subtle details,” and “breakthrough in the case” indicate the detective has sharp mental ability or insight. “Acumen” means keenness of mind or shrewdness, which fits perfectly. The other options are negative qualities: lethargy (sluggishness), apathy (lack of interest), mediocrity (ordinariness), negligence (carelessness)."
79,Sentence Completion,"Choose the word or words that, when inserted in the sentence to replace the blank or blanks, best fits the meaning of the sentence. The politician presented his controversial proposal under the _________ of public safety, but critics argued that his true intention was to _________ civil liberties.",,"{'A': 'banner ... protect', 'B': 'pretense ... restrict', 'C': 'shadow ... enhance', 'D': 'umbrella ... restore', 'E': 'cloak ... expand'}",B,"B: The sentence structure indicates contrast (“but critics argued”), showing the politician's stated reason versus his true intention. “Pretense” means false appearance or claim, and “restrict” fits with the idea that critics believe he actually wants to limit civil liberties rather than protect public safety."
80,Sentence Completion,"Choose the word or words that, when inserted in the sentence to replace the blank or blanks, best fits the meaning of the sentence. Seemingly _________ by social expectations, the artist chose to display her provocative sculptures in the conservative gallery without any warning labels.",,"{'A': 'intimidated', 'B': 'undeterred', 'C': 'overwhelmed', 'D': 'cautioned', 'E': 'influenced'}",B,"B: The context shows the artist displayed provocative work in a conservative setting “without any warning labels,” indicating she was not stopped or discouraged by social expectations. “Undeterred” means not discouraged or prevented by difficulty."
81,Sentence Completion,"Choose the word or words that, when inserted in the sentence to replace the blank or blanks, best fits the meaning of the sentence. Due to the research team's decision to conduct the study in phases, it was challenging to _________ the drug's impact, and the _________ of the treatment became apparent only after several months of observation.",,"{'A': 'predict ... benefits', 'B': 'assess ... drawbacks', 'C': 'ignore ... effects', 'D': 'amplify ... consequences', 'E': 'dismiss ... outcomes'}",B,"B: The sentence indicates the phased approach made evaluation difficult, and something negative became apparent after months (“drawbacks” fits this pattern). “Assess” means to evaluate or judge, which aligns with the challenge of determining the drug's impact."
82,Sentence Completion,"Choose the word or words that, when inserted in the sentence to replace the blank or blanks, best fits the meaning of the sentence. The passionate environmental activist, speaking at the climate summit before world leaders, _________ the audience to take immediate action against global warming.",,"{'A': 'discouraged', 'B': 'questioned', 'C': 'urged', 'D': 'dismissed', 'E': 'confused'}",C,"C: A passionate activist speaking about climate action would strongly encourage the audience to act. “Urged” means to strongly advise or encourage, which fits the context of an activist trying to motivate world leaders to take action."
83,Opposites,Choose the word that is most nearly OPPOSITE to the word in capital letters. ASCEND,,"{'A': 'climb', 'B': 'descend', 'C': 'travel', 'D': 'wander', 'E': 'deescalate'}",B,"B: ASCEND means to go up or rise. The opposite action would be to go down or fall, making “descend” the correct antonym. The other options don't represent the opposite directional movement."
84,Opposites,Choose the word that is most nearly OPPOSITE to the word in capital letters. EXPAND,,"{'A': 'grow', 'B': 'stretch', 'C': 'contract', 'D': 'develop', 'E': 'inflate'}",C,"C: EXPAND means to increase in size or grow larger. The opposite would be to become smaller or shrink, making “contract” the best antonym. The other options either mean similar things to expand or are unrelated to size changes."
85,Analogies,TEACHER is to STUDENT as ...,,"{'A': 'WRITER is to BOOK', 'B': 'PILOT is to AIRPLANE', 'C': 'CHEF is to KITCHEN', 'D': 'DOCTOR is to PATIENT', 'E': 'LAWYER is to COURTROOM'}",D,"D: This tests the relationship of “professional to person they serve.” A TEACHER serves or works with a STUDENT, just as a DOCTOR serves or works with a PATIENT. Both show a professional relationship where one person provides expertise or service to another."
86,Analogies,HAPPY is to ECSTATIC as ...,,"{'A': 'ANGRY is to CALM', 'B': 'TIRED is to ENERGETIC', 'C': 'CONFUSED is to CLEAR', 'D': 'BRAVE is to COWARDLY', 'E': 'SAD is to DEPRESSED'}",E,"E: This tests “basic emotion to its intense form.” HAPPY becomes more intense as ECSTATIC, just as SAD becomes more intense as DEPRESSED. Both show an emotion escalating to a stronger version of the same feeling."
87,Sentence Completion,"Choose the word or words that, when inserted in the sentence to replace the blank or blanks, best fits the meaning of the sentence. Despite the ambassador's _________ efforts to maintain diplomatic relations, the negotiations ultimately proved _________, leaving both nations more estranged than before.",,"{'A': 'halfhearted ... successful', 'B': 'tireless ... futile', 'C': 'sporadic ... beneficial', 'D': 'dubious ... effective', 'E': 'perfunctory ... promising'}",B,"B: The sentence structure shows contrast (“Despite...ultimately”), indicating that even though the ambassador worked very hard, the outcome was negative. “Tireless” means unwearying or persistent, while “futile” means pointless or unsuccessful. The phrase “leaving both nations more estranged” confirms the negotiations failed despite strong efforts."
88,Sentence Completion,"Choose the word or words that, when inserted in the sentence to replace the blank or blanks, best fits the meaning of the sentence. The scholar's _________ interpretation of the ancient text was initially dismissed by colleagues, but her _________ approach eventually revealed previously hidden meanings that revolutionized the field.",,"{'A': 'orthodox ... conventional', 'B': 'pedantic ... superficial', 'C': 'iconoclastic ... meticulous', 'D': 'superficial ... hasty', 'E': 'traditional ... careless'}",C,"C: The sentence shows a progression from initial rejection to eventual acceptance and success. “Iconoclastic” means challenging established beliefs or traditions, which explains why colleagues initially dismissed the interpretation. “Meticulous” means extremely careful and precise, which explains how this approach eventually “revealed previously hidden meanings” and “revolutionized the field.” The contrast between initial dismissal and ultimate success supports this choice."
89,Exact Match Count,How many of the five items in the left-hand column are exactly the same as the corresponding entry in the right-hand column?,"{'pairs': [['XTL-900', 'XLT-900'], ['PQR-55A', 'PQR-55A'], ['JMB-012', 'JMB-012'], ['GHY-44C', 'GHY-44O'], ['WZA-13X', 'WZA-13Y']], 'pair_count': 5}","{'A': '1', 'B': '2', 'C': '3', 'D': '4', 'E': '5'}",B,"B: “XTL-900” and “XLT-900” are different. “GHY-44C” and “GHY-44O” are different. “WZA-13X” and “WZA-13Y” are also different. Therefore, 2 items are exactly the same."
90,Exact Match Count,How many of the five items in the left-hand column are exactly the same as the corresponding entry in the right-hand column?,"{'pairs': [['14 Elm St.', '14 Elms St.'], ['205 Oak Ave', '205 Oak Av.'], ['7 Pine Road', '7 Pine Rd.'], ['312 Maple Dr.', '312 Maple Dr.'], ['5 Aspen Ct', '5 Aspen Court']], 'pair_count': 5}","{'A': '1', 'B': '2', 'C': '3', 'D': '4', 'E': '5'}",A,"A: “14 Elm St.” and “14 Elms St.” are different. “205 Oak Ave” and “205 Oak Av.” are different. “7 Pine Road” and “7 Pine Rd.” are different. “5 Aspen Ct” and “5 Aspen Court” are also different. Therefore, 1 item is exactly the same."
91,Exact Match Count,How many of the five items in the left-hand column are exactly the same as the corresponding entry in the right-hand column?,"{'pairs': [['Project Alpha-7', 'Project Alpha-7'], ['Phase II Report', 'Phase II Report'], ['Budget FY24', 'Budget FY24'], ['Q3 Sales Data', 'Q3 Sales Data'], ['Revision 3.1', 'Revision 3.1']], 'pair_count': 5}","{'A': '1', 'B': '2', 'C': '3', 'D': '4', 'E': '5'}",E,"E: All five items are exactly the same. Therefore, 5 items are exactly the same."
92,Basic Arithmetic Word Problems,A hotdog sells for $1.20. How much will it cost to buy five hotdogs?,,"{'A': '$6.25', 'B': '$6.50', 'C': '$5.80', 'D': '$5.20', 'E': '$6.00'}",E,"E: To find the total cost of five hotdogs we can use some quick mental math: $1 × 5 hotdogs = $5.00 $0.20 × 5 = $1.00 $5.00 + $1.00 = $6.00 Therefore, the correct answer is option E."
93,Number Comparison,Which of the following is the largest value?,,"{'A': '0.35', 'B': '0.405', 'C': '0.551', 'D': '0.128', 'E': '0.56'}",E,"E: To determine the largest value, compare the digits starting from the tenths place: 0. 3 5 0. 4 05 0. 5 51 0. 1 28 0. 5 6 0.551 and 0.56 both have a 5 in the tenths place. We can look at the next number (hundredths place) to see which is larger: 0.5 5 1 0.5 6 We can see that 0.56 is larger. Therefore, the correct answer is option E."
94,Basic Arithmetic Word Problems,"A shoe store sells 468 pairs of sneakers in September. In October, the store sells 175 less pairs than in September. How many pairs of sneakers are sold in October?",,"{'A': '293', 'B': '309', 'C': '363', 'D': '609', 'E': '643'}",A,"A: The store sells 468 sneakers in September, and October’s sales are 175 less than this. We can subtract 468 and 175 to find the number of shoes sold in October. We can use rounded numbers to easily solve without a calculator. Instead of subtracting 175, let’s subtract 200 and then add 25: 468 – 200 = 268 268 + 25 = 293 Therefore, the store sold 293 sneakers in October, and the correct answer is option A."
95,Basic Arithmetic Word Problems,"In a class of sixty students, one quarter of the students are in the school choir. If five more students join the choir, what percentage of the class will then be in the choir?",,"{'A': '20%', 'B': '25%', 'C': '30%', 'D': '33.33%', 'E': '37.5%'}",D,"D: One quarter of sixty students is: 60 × 0.25 is the same as 60 ÷ 4 = 15 So, there are 15 students in choir to begin with. If 5 more students join, we have 20 total students in choir. We can then find the new percentage: 20 choir students ÷ 60 total students = 0.33 0.33 × 100 = 33.33% Therefore, option D is correct."
96,Logic Statements,"Assume the first two statements are true. Is the final statement: 1) True, 2) False, or 3) Uncertain based on the information provided? Clara is faster than Ethan. Mia is slower than Ethan. Clara is slower than Mia.",,"{'A': 'True', 'B': 'False', 'C': 'Uncertain'}",B,"B: The first statement indicates Clara is faster than Ethan (C > E), and the second states Mia is slower than Ethan (M < E), so we have C > E > M. The final statement claims Clara is slower than Mia (C < M), which contradicts the derived order (C > M). Thus, the final statement is false."
97,Logic Statements,"Assume the first two statements are true. Is the final statement: 1) True, 2) False, or 3) Uncertain based on the information provided? All singers in the school chorus are also in the drama club. Marcus is in the school chorus. Marcus is in the drama club.",,"{'A': 'True', 'B': 'False', 'C': 'Uncertain'}",A,"A: Statement 1 establishes a relationship: If you are in the chorus, then you are in the drama club. Statement 2 provides a specific fact: Marcus is in the school chorus. Since Marcus is in the chorus (Statement 2) and all chorus members are also in the drama club (Statement 1), it logically follows that Marcus must be in the drama club. Therefore, the final statement is True."
98,Logic Statements,"Assume the first two statements are true. Is the final statement: 1) True, 2) False, or 3) Uncertain based on the information provided? All books published last year were eligible for a special award. Noah’s book was not eligible for the special award. Noah’s book was published last year.",,"{'A': 'True', 'B': 'False', 'C': 'Uncertain'}",B,"B: The first statement states all books published last year were eligible for a special award. The second statement indicates Noah’s book was not eligible. If Noah’s book was published last year (final statement), it would have to be eligible per the first statement, but this contradicts the second statement. Therefore, Noah’s book cannot have been published last year, making the final statement false."
99,Basic Arithmetic Word Problems,15 is 25% of what number?,,"{'A': '50', 'B': '55', 'C': '60', 'D': '65', 'E': '70'}",C,"C: If 15 is 25% of a number, we can set up an equation and solve: 0.25x = 15 x = 60 Therefore, the number is 60, and the correct answer is option C."
100,Number Series,What would be the next number in the following series? 3 … 7 … 15 … 31 … 63 …,,"{'A': '95', 'B': '111', 'C': '127', 'D': '135', 'E': '143'}",C,"C: To identify the pattern, notice that each number is double the previous number plus 1 3 × 2 = 6 + 1 = 7 7 × 2 = 14 + 1 = 15 15 × 2 = 30 + 1 = 31 31 × 2 = 62 + 1 = 63 63 × 2 = 126 + 1 = 127 Therefore, the next number is 127, which is option C."
101,Basic Arithmetic Word Problems,"A warehouse scanner processes an average of 45 packages every hour. If the scanner is only used while the warehouse is open, and the warehouse operates 60 hours each week, how many packages will be processed over the course of 6 weeks?",,"{'A': '15,750', 'B': '15,800', 'C': '16,000', 'D': '16,200', 'E': '16,460'}",D,"D: The scanner processes 45 packages per hour. In one week, the scanner runs for 60 hours, so it processes: 45 × 60 = 2,700 packages per week Over 6 weeks, it processes: 2700 × 6 = 16,200 packages Therefore, the correct total is 16,200 packages, which aligns with option D."
102,Basic Arithmetic Word Problems,"A technician can complete a machine repair in 2.8 hours. His less experienced assistant takes 4 hours for the same repair. If both work simultaneously and each work 56 hours in one week, how many total repairs will they complete?",,"{'A': '32', 'B': '34', 'C': '36', 'D': '38', 'E': '40'}",B,"B: The technician can complete 56 ÷ 2.8 = 20 repairs in 56 hours. The assistant can complete 56 ÷ 4 = 14 repairs in the same time. Adding these together gives 20 + 14 = 34 total repairs. Therefore, the correct answer is option B."
103,Basic Arithmetic Word Problems,"A group of four numbers has an average (arithmetic mean) of 24. The first three numbers are 18, 30, and 12. What is the fourth number?",,"{'A': '24', 'B': '28', 'C': '32', 'D': '34', 'E': '36'}",E,"E: To find the fourth number, begin by multiplying the average by the number of values. Since the average is 24 and there are four numbers, the total sum must be: 24 × 4 = 96 Next, add the first three numbers: 18 + 30 + 12 = 60 Subtract this sum from the required total: 96 − 60 = 36 The fourth number must be 36, which is option E."
104,Basic Arithmetic Word Problems,An investor buys shares in a company for $10 per share. The shares increase by 30% in the first year and 20% in the second year. What is the price of the stock after two years?,,"{'A': '$14.00/share', 'B': '$14.50/share', 'C': '$15.00/share', 'D': '$15.20/share', 'E': '$15.60/share'}",E,"E: Start with $10 (year 1). After the first year, the stock increases by 30%: $10 × .30 = $3.00 $10 + $3.00 = $13.00 Continue with $13.00 (year 2). After the second year, the stock increased by 20%: $13.00 × .20 = $2.60 $13.00 + $2.60 = $15.60 Therefore, the correct answer is option E."
105,Basic Arithmetic Word Problems,A survey states that there is a 20% chance of a baby throwing up on any given day. What is the probability that a baby will not throw up on either the 23 rd or 24 th of April?,,"{'A': '50%', 'B': '56%', 'C': '60%', 'D': '64%', 'E': '70%'}",D,"D: The probability of no throw up on a single day is the complement of 20%, which is 80%. For two independent days, multiply 80% by 80%: 0.8 × 0.8 = 0.64 0.64 × 100 = 64% Therefore, the correct answer is option D."
106,Basic Arithmetic Word Problems,"A theater can sell all 900 seats at a ticket price of $12 each. If the price is raised to $20, it expects to sell 80% of the seats. By what percentage will the theater increase its revenue if it raises the ticket price?",,"{'A': '12%', 'B': '18%', 'C': '23.33%', 'D': '27.5%', 'E': '33.33%'}",E,"E: At $12 per ticket, the hall sells 900 seats for a revenue of: 900 × $12 = $10,800 At $20 per ticket, the hall sells 80% of 900: 900 × .80 = 720 720 × $20 = $14,400 We can use the percent change formula to solve: ((New – Old) ÷ Old) × 100 (($14,400 - $10,800) ÷ $10,800) × 100 0.3333 × 100 33.33% The percentage increase is 33.33%."
107,Basic Arithmetic Word Problems,A charity walk starts with 18 participants from Team A and 12 participants from Team B. Three participants from Team A and two participants from Team B do not finish the walk. What percentage of the participants who finish the walk are from Team A?,,"{'A': '50%', 'B': '60%', 'C': '63%', 'D': '66%', 'E': '75%'}",B,"B: Team A starts with 18 participants and loses 3, so 15 participants from Team A finish. Team B starts with 12 and loses 2, so 10 participants from Team B finish. The total number of finishers is 15 + 10 = 25. The fraction of finishers from Team A is 15 out of 25, which is 15/25 = 0.60, and converting to a percentage gives 60%. Therefore, option B is correct."
108,Basic Arithmetic Word Problems,"What is the average (arithmetic mean) of the following numbers: 3, 7, 14, 20, and 36?",,"{'A': '12.0', 'B': '14.0', 'C': '15.0', 'D': '16.0', 'E': '18.0'}",D,"D: To find the average, add the five numbers to get the total sum 3 + 7 + 14 + 20 + 36 = 80. Divide this sum by the number of values, which is 5, so 80 ÷ 5 = 16. The arithmetic mean is 16.0, making option D correct."
109,Basic Arithmetic Word Problems,"A gallery sells prints in four different sizes, offers eleven different designs, and frames each print in three frame styles. How many distinct combinations of size, design, and frame are possible?",,"{'A': '108', 'B': '120', 'C': '132', 'D': '144', 'E': '156'}",C,"C: Each finished product is chosen by picking one size, one design, and one frame. The total number of possible combinations is the product of the counts in each category, which is 4 × 11 × 3 = 132. Therefore, option C is correct."
110,Basic Arithmetic Word Problems,"If a bag contains 30 marbles and you have a \frac{1}{6} chance of drawing a green marble, how many green marbles are in the bag?",,"{'A': '3', 'B': '4', 'C': '5', 'D': '6', 'E': '10'}",C,"C: A probability of \frac{1}{6} means one out of every six marbles is green. Multiply the total number of marbles by the fraction \frac{1}{6} to find the count: 30 × \frac{1}{6} = 5 Therefore, there are 5 green marbles in the bag and option C is correct."
111,Logic Statements,"Sofia, Daniel, and Chloe each have a favorite book genre: one prefers mystery, one prefers sci-fi, and one prefers fantasy. Each chose their favorite genre in a different year: 2017, 2019, or 2021. Sofia prefers fantasy. Daniel chose his favorite genre in 2019. The person who prefers mystery chose their favorite genre first. Which of the following is true?",,"{'A': 'Daniel chose mystery in 2019.', 'B': 'Sofia chose fantasy in 2017.', 'C': 'Chloe chose sci-fi in 2021.', 'D': 'Daniel chose fantasy in 2021.', 'E': 'Chloe chose mystery in 2017.'}",E,"E: Sofia prefers fantasy (Clue 1), and Daniel chose his favorite genre (mystery or sci-fi) in 2019 (Clue 2). The person who prefers mystery chose their genre first (Clue 3), so mystery was chosen in 2017, the earliest year. Since Daniel’s genre was chosen in 2019, Daniel cannot prefer mystery, so Chloe must prefer mystery and chose it in 2017. This leaves Daniel with sci-fi in 2019 and Sofia with fantasy in 2021. Thus, Chloe chose mystery in 2017 (Option E) is true."
112,Letter Series,What would be the next group of letters in the following series? zamt … ycns … xeor … wgpq …,,"{'A': 'tihp', 'B': 'vipq', 'C': 'uhqp', 'D': 'vjqp', 'E': 'viqp'}",E,"E: E is the correct answer. Look at each position in the 4-letter groups separately. 1st letters: z - y - x - w: (letters decrease by 1) = v 2nd letters: a - c - e - g: (letters increase by 2) = i 3rd letters: m - n - o - p: (letters increase by 1) = q 4th letters: t - s - r - q: (letters decrease by 1) = p That gives us viqp, or option E."
113,Sentence Completion,"Choose the word or words that, when inserted in the sentence to replace the blank or blanks, best fits the meaning of the sentence. The startup's rapid hiring spree was presented as a sign of confidence, but insiders saw it as a _________ attempt to _________ investors after a disappointing quarter.",,"{'A': 'genuine ... warn', 'B': 'transparent ... comfort', 'C': 'calculated ... reassure', 'D': 'chaotic ... impress', 'E': 'impulsive ... distract'}",C,"C : The phrase ""presented as a sign of confidence, but insiders saw it as..."" suggests a deliberate illusion. ""Calculated"" fits because it implies something done with strategic intent rather than sincerity. The goal is to reassure investors, aligning with the motive to restore confidence. ""Impulsive"" and ""chaotic: contradict the idea of something planned. ""Distract"" doesn't quite fit the emotional goal of calming investors. Thus, ""calculated ... reassure"" best fits both the contrast and motive in the sentence."
114,Sentence Completion,"Choose the word or words that, when inserted in the sentence to replace the blank or blanks, best fits the meaning of the sentence. Though the scientist claimed her theory was supported by data, the evidence she provided was so _________ that it seemed designed more to _________ than to clarify the issue.",,"{'A': 'dense ... obscure', 'B': 'precise ... illuminate', 'C': 'thorough ... explain', 'D': 'scattered ... simplify', 'E': 'vivid ... distort'}",A,"A : The sentence implies that while the scientist claimed clarity, her presentation had the opposite effect. ""Dense"" (complex or difficult to follow) and ""obscure"" (make unclear) both reinforce the idea that her evidence confused rather than clarified. ""Precise ... illuminate"" describes genuine clarity, not pretense. ""Scattered ... simplify"" and ""vivid ... distort"" mismatch in tone and intent. Therefore, ""dense ... obscure"" best captures the intended irony of intellectual confusion disguised as rigor."
115,Sentence Completion,"Choose the word or words that, when inserted in the sentence to replace the blank or blanks, best fits the meaning of the sentence. The historian’s portrayal of the empire's decline was criticized for its _________ tone, which seemed to _________ the suffering it described.",,"{'A': 'detached ... trivialize', 'B': 'sympathetic ... deepen', 'C': 'nostalgic ... highlight', 'D': 'neutral ... balance', 'E': 'grim ... magnify'}",A,"A : The criticism focuses on tone. The historian appears emotionally distant in recounting hardship. ""Detached"" accurately conveys emotional disconnection, while ""trivialize"" matches the effect of downplaying suffering. ""Sympathetic ... deepen"" reverses the intended meaning (too emotional rather than cold). ""Neutral ... balance"" is too mild to be ""criticized."" Thus, ""detached ... trivialize"" perfectly reflects the insensitivity implied by the critique."
116,Sentence Completion,"Choose the word or words that, when inserted in the sentence to replace the blank or blanks, best fits the meaning of the sentence. The author’s argument was _____ by several key pieces of evidence that were never fully explained or analyzed.",,"{'A': 'supported', 'B': 'bolstered', 'C': 'undermined', 'D': 'substantiated', 'E': 'validated'}",C,"C : ""Undermined"" means weakened, fitting the idea that the argument was damaged by the lack of explanation or analysis."
117,Sentence Completion,"Choose the word or words that, when inserted in the sentence to replace the blank or blanks, best fits the meaning of the sentence. The politician’s promise to reform education sounded inspiring, but her plan was so _________ in detail and so _________ in execution that few believed it would ever happen.",,"{'A': 'rich ... organized', 'B': 'vague ... disjointed', 'C': 'complex ... deliberate', 'D': 'thorough ... methodical', 'E': 'ambitious ... achievable'}",B,"B : The setup contrasts ""sounded inspiring"" with ""few believed it would ever happen"" - implying the plan lacked clarity and coherence. ""Vague"" captures the absence of specific detail, and ""disjointed"" conveys poor structure or inconsistent action. ""Complex ... deliberate"" would describe something challenging but well-considered. ""Ambitious ... achievable"" contains an internal contradiction that doesn’t fit the context of disbelief. So, ""vague ... disjointed"" provides the most logical and consistent pairing for a plan that sounds good but fails in practice."
118,Sentence Completion,"Choose the word or words that, when inserted in the sentence to replace the blank or blanks, best fits the meaning of the sentence. Her _____ approach to problem-solving often led to innovative solutions that others had overlooked.",,"{'A': 'methodical', 'B': 'haphazard', 'C': 'conventional', 'D': 'unorthodox', 'E': 'simplistic'}",D,"D: ""Unorthodox"" suggests a non-traditional or unconventional approach, which aligns with her ability to find innovative solutions, emphasizing her creative thinking."
119,Sentence Completion,"Choose the word or words that, when inserted in the sentence to replace the blank or blanks, best fits the meaning of the sentence. The film was a _____ adaptation of the classic novel, retaining much of the original dialogue while updating the setting for a modern audience.",,"{'A': 'faithful', 'B': 'haphazard', 'C': 'superficial', 'D': 'derivative', 'E': 'loose'}",A,"A : ""Faithful"" indicates that the adaptation closely followed the original novel, which aligns with the description provided."
120,Sentence Completion,"Choose the word or words that, when inserted in the sentence to replace the blank or blanks, best fits the meaning of the sentence. The sudden drop in temperatures was a _____ reminder of the unpredictability of weather patterns in the region.",,"{'A': 'stark', 'B': 'negligible', 'C': 'trivial', 'D': 'muted', 'E': 'pleasant'}",A,"A : ""Stark"" implies a strong and clear contrast, highlighting the unexpected nature of the temperature drop."
121,Sentence Completion,"Choose the word or words that, when inserted in the sentence to replace the blank or blanks, best fits the meaning of the sentence. The team’s inability to communicate effectively was a _____ barrier to their success in the project.",,"{'A': 'trivial', 'B': 'significant', 'C': 'negligible', 'D': 'sporadic', 'E': 'superficial'}",B,"B : ""Significant"" indicates that the communication issue had a considerable impact on the team’s success."
122,Analogies,VICTORY is to JOY as _____ is to SORROW .,,"{'A': 'defeat', 'B': 'winning', 'C': 'depression', 'D': 'having fun', 'E': 'crying'}",A,"A: The best choice is (A). Joy is a result of victory. Sorrow and joy are opposites. We need to find the opposite of victory, which is defeat."
123,Analogies,VACATION is to HOLIDAY as VOCATION is to ______.,,"{'A': 'career', 'B': 'money', 'C': 'degree', 'D': 'pleasure', 'E': 'time-off'}",A,"A: The best choice is (A). Holiday is another term used to describe a vacation. We need to find another term that describes what a vocation is. Option (A), career, is the best choice for this question."
124,Analogies,SHOVEL is to DIG as …,,"{'A': 'SWORD is to SWING', 'B': 'PAINTBRUSH is to PAINT', 'C': 'LIGHTBULB is to DIM', 'D': 'HAMMER is to NAILS', 'E': 'BROOM is to DUST'}",B,"B : A paintbrush is used to paint, just as a shovel is used to dig. This is a relationship of a tool to its function."
125,Analogies,RARE is to COMMON as …,,"{'A': 'CLEAN is to TIDY', 'B': 'VALUABLE is to PRICELESS', 'C': 'HOT is to BALMY', 'D': 'FAMOUS is to UNKNOWN', 'E': 'ANCIENT is to BYGONE'}",D,"D : ""Rare"" and ""common"" are opposites, just as ""famous"" and ""unknown"" are opposites."
126,Exact Match Count,How many of the five items in the left-hand column are exactly the same as the corresponding entry in the right-hand column?,"{'pairs': [['Granite Creek Development', 'Granite Creek Development'], ['Lakeside Builders Inc.', 'Lakeside Builders Inc.'], ['Pinnacle Holdings', 'Pinnacle Holdings'], ['Willowbrook Partners', 'Wilowbrook Partners'], ['Riverbank Investment Group', 'Riverbank Investment Group']], 'pair_count': 5}","{'A': '1', 'B': '2', 'C': '3', 'D': '4', 'E': '5'}",D,"D: ""Willowbrook Partners"" and ""Wilowbrook Partners"" are different. Therefore, 4 items are exactly the same."
127,Exact Match Count,How many of the five items in the left-hand column are exactly the same as the corresponding entry in the right-hand column?,"{'pairs': [['Bayshore Media Group', 'Bayshore Media Group'], ['Pinnacle Investments', 'Pinnacle Investment'], ['Cedarwood Homes', 'Cedarwoods Homes'], ['Silverleaf Property Group', 'Silverleaf Properties Group'], ['Horizon Financial Services', 'Horizon Financial Services']], 'pair_count': 5}","{'A': '1', 'B': '2', 'C': '3', 'D': '4', 'E': '5'}",B,"B: ""Pinnacle Investments"" and ""Pinnacle Investment"" are different. ""Cedarwood Homes"" and ""Cedarwoods Homes"" are different. ""Silverleaf Property Group"" and ""Silverleaf Properties Group"" are different. Therefore, 2 items are exactly the same."
128,Exact Match Count,How many of the five items in the left-hand column are exactly the same as the corresponding entry in the right-hand column?,"{'pairs': [['4321 Maple Ave.', '4321 Maple Ave.'], ['2568 Birch Rd.', '2568 Birch Rd.'], ['78B Poplar Ln.', '78B Pooplar Ln.'], ['9901 Cedar Grove St.', '9901 Cedar Groove St.'], ['1500 Oak Hill Rd.', '1500 Oak Hill Rd.']], 'pair_count': 5}","{'A': '1', 'B': '2', 'C': '3', 'D': '4', 'E': '5'}",C,"C: “78B Poplar Ln.” and “78B Popplar Ln.”, and ""9901 Cedar Grove St."" and ""9901 Cedar Groove St."" are different. Therefore, 3 items are exactly the same."
129,Opposites,"One word below is underlined. What is the OPPOSITE of that word? Brady was not usually hostile toward the opponent, but today he was.",,"{'A': 'malefic', 'B': 'bitter', 'C': 'pugnacious', 'D': 'belligerent', 'E': 'mild'}",E,E: Option (E) is the best choice here. Hostile means “unfriendly or antagonistic.” Mild is the best choice as all of the other options are similar in meaning to hostile.
130,Opposites,One word below is underlined. What is the OPPOSITE of that word? The Queen was a merciful queen.,,"{'A': 'lenient', 'B': 'clement', 'C': 'cruel', 'D': 'pitying', 'E': 'benign'}",C,C: Option (C) is the best choice. Merciful means “showing or exercising mercy.” Cruel is a direct opposite of merciful. Pitying can sometimes be confused as opposite of merciful but actual means “feeling sorrow for someone’s misfortunes.”
131,Number Comparison,Which of the following numbers is the largest?,,"{'A': '2.34', 'B': '3.42', 'C': '2.43', 'D': '3.43', 'E': '3.23'}",D,"D: The correct answer is (D). We can quickly eliminate options (A) and (C) due to them starting with a 2. Next, we look at the tenths place and can eliminate option (E). It is between (D) and (B) and (D) is correct as the hundredths place is bigger."
132,Basic Arithmetic Word Problems,18 is 60% of what number?,,"{'A': '24', 'B': '27', 'C': '30', 'D': '36', 'E': '45'}",C,"C: We can setup an equation to quickly solve this: 18 = 0.6x x = \frac{18}{0.6} To make the division easier without a calculator, multiply the numerator and the denominator by 10: x = \frac{18\times10}{0.6\times10}=\frac{180}{6} x = 30"
133,Basic Arithmetic Word Problems,"The cost of buying 4 biscuit boxes is $32. At this rate, it would cost ___ dollars to buy 7 boxes.",,"{'A': '8', 'B': '32', 'C': '44', 'D': '56', 'E': '1024'}",D,D: Cost rate = 32 dollar / 4 box = 8 dollar/ box. Total cost = (8 dollar/ box) * (7 box) = 56 dollar = $ 56. Option (D) is the correct answer.
134,Basic Arithmetic Word Problems,"Two partners have exclusive ownership of a relatively small company, with the shares of partner A to those of partner B in the ratio of 5:3. If the company makes a profit of one million dollars this year, then how much money would partner B be entitled to?",,"{'A': '$ 125,000', 'B': '$ 375,000', 'C': '$ 400,000', 'D': '$ 433,000', 'E': '$ 625,000'}",B,"B: Share of partner B in the profit = (3/ (3+5)) * $ 1,000,000 = $ 375,000. The correct answer is option (B)."
135,Basic Arithmetic Word Problems,"David bought $10,000.00 worth of identical laptops. Unfortunately, he sold them for only $9,000.00, thereby incurring a loss of 200 dollars/laptop. How many laptops did he trade in?",,"{'A': '5', 'B': '6', 'C': '10', 'D': '11', 'E': '28'}",A,"A: Total loss = $10,000.00 – $9,000.00 = $1,000.00. Therefore, the number of laptops is = 1000 dollar/ (200 dollar/laptop) = 5 laptop. The correct answer is option (A)."
136,Basic Arithmetic Word Problems,"A bottle distributor sells 10,000 bottles a day, for 5 days per week. It also sells 15,000 candy bars a day for 2 days per week. What is the total number of items they sell in a week?",,"{'A': '65,000', 'B': '71,000', 'C': '80,000', 'D': '80,500', 'E': '82,500'}",C,"C: We need to take 10,000*5 (50,000) to get the number of bottles sold. Then we can take 15,000*2 (30,000) to get the number of candy bars sold. 50,000+30,000 = 80,000 items sold."
137,Basic Arithmetic Word Problems,"In a “democratic” third-world country, a presidential race was conducted with a yes/no ballot. The current president won by a ‘comfortable’ majority of 99.999%. If the number of valid votes was 6,500,000, then how many voters voted ""no""?",,"{'A': '0', 'B': '65', 'C': '650', 'D': '6,500', 'E': '65,000'}",B,"B: Number of voters who said ""yes"" is: 99.999% × 6,500,000 = 6,499,935 We can then subtract ""yes"" voters from total votes to find the number of ""no"" voters: 6,500,000 - 6,499,935 = 65 Therefore, the correct answer is option (B)."
138,Basic Arithmetic Word Problems,A cellphone and a phone case cost $1100 in total. The cell phone costs $1000 more than the phone case. How much is the cellphone?,,"{'A': '$950', 'B': '$1000', 'C': '$1050', 'D': '$1100', 'E': '$1150'}",C,"C: Let the prices of the cellphone and the phone case be X and Y, respectively. We know that: X + Y = $ 1100 and X = Y + $ 1000. Therefore, (Y + $ 1000) + Y = $ 1100, which means 2Y + $ 1000 = $ 1100 or 2Y = $ 100. Hence Y = $ 50 and X = $ 1050. Option (C) is the correct answer. This is a famous math riddle, for which many persons would hastily go for the wrong answer of $ 1000 (option (B))."
139,Basic Arithmetic Word Problems,"In a New York-Cairo flight, the plane has 140 seats, and the number of passengers with confirmed reservations was 105 % of the plane capacity. How many seats are overbooked?",,"{'A': '6 seats', 'B': '7 seats', 'C': '8 seats', 'D': '9 seats', 'E': '12 seats'}",B,B: The percentage of overbooked seats = 105 % – 100 % = 5 %. The number of overbooked seats = (5 %) * 140 = (5/100) * 140 = 7 seats. The correct answer is option (B).
140,Basic Arithmetic Word Problems,"A store bought 48 identical microwave ovens for $24,960, and sold them each for $480. What is the net loss incurred on each oven?",,"{'A': '$00', 'B': '$20', 'C': '$40', 'D': '$80', 'E': '$160'}",C,"C: The buying price for every oven = 24,960 dollar / 48 = 520 dollar. The loss per individual oven = $520 – $480 = $40. Option (C) is the correct answer."
141,Basic Arithmetic Word Problems,Markers sells for $0.45 per pack. How many packs of markers can you buy with $3.15?,,"{'A': '4', 'B': '5', 'C': '6', 'D': '7', 'E': '8'}",D,D: The quickest way to solve this problem is to move the decimal the same number of times in both numbers. We can then divide the two numbers. 315 / 45 = 7.
142,Basic Arithmetic Word Problems,"A company purchased 50 units of a product for $1,500 and sold each unit for $40. What is the net profit made on each unit?",,"{'A': '$5', 'B': '$10', 'C': '$20', 'D': '$25', 'E': '$30'}",B,"B: The buying price for each unit = $1,500 / 50 units = $30/unit. The profit per unit = $40/unit - $30/unit = $10/unit. Therefore, option B is the correct answer."
143,Basic Arithmetic Word Problems,"A company has 72 employees, and they want to divide them equally into 8 teams. How many employees will each team have?",,"{'A': '6', 'B': '7', 'C': '8', 'D': '9', 'E': '12'}",D,"D: To find how many employees will be in each team, divide the total number of employees by the number of teams: 72 ÷ 8 = 9 employees per team."
144,Number Series,"What is the next number in the following series? 1952, 1956, 1960, 1964, 1968, 1972, 1976, ….",,"{'A': '1977', 'B': '1978', 'C': '1979', 'D': '1980', 'E': '1984'}",D,D: The answer is option (D). The series above is adding 4 to each number. It is also the dates for the Summer Olympic Games.
145,Letter Series,What would be the next group of letters in the following series? ngq … kft … hew … edz … ?,,"{'A': 'biw', 'B': 'bkv', 'C': 'bkx', 'D': 'cku', 'E': 'bcc'}",E,"E: The first letters (n, k, h, e) follow a pattern of -3. The second letters (g, f, e, d) follow a pattern of -1. The third letters (q, t, w, z) follow a pattern of +3. Following this pattern gives us b, c, c."
146,Logic Statements,"If the first two statements are true, is the final statement true? All native Americans have brown hair. Adam has black hair. Adam is a native American.",,"{'A': 'True', 'B': 'False', 'C': 'Uncertain'}",B,"B: The fact that all native Americans have brown hair rules out the possibility for a black-haired person to be a native American. Therefore, the answer is (B)."
147,Logic Statements,"If the first two statements are true, is the final statement true? All current members of NATO are presently allies of the USA. Germany is presently an ally of the USA. Germany is a current member of NATO.",,"{'A': 'True', 'B': 'False', 'C': 'Uncertain'}",C,"C: The premise that ‘all current members of NATO are presently allies of the USA’ does not imply that ‘all countries that are presently allies of the USA are current members of NATO.’ Therefore, the answer is (C) since Germany could be a member or a non-member of NATO according to the premises."
148,Logic Statements,"If the first two statements are true, is the final statement true? Julie enjoys running during the week. Julie went for a run. It is Monday.",,"{'A': 'True', 'B': 'False', 'C': 'Uncertain'}",C,"C: Option (C) is correct. While it is likely that it is a weekday, we cannot be sure that it is exactly a Monday. Statement 1 also does not specify whether or not she ONLY runs during the week, so it could be a weekend as well."
149,Ordering and Arrangement Logic,"Alex, Beth, Charlie, Dana, and Evan are seated in a row. Alex is sitting immediately to the left of Beth. Charlie is sitting to the left of Evan. Dana is seated first in line. If Beth is seated last in line, which of the following can be true about Charlie's position?",,"{'A': 'Charlie is first', 'B': 'Charlie is second', 'C': 'Charlie is third', 'D': 'Charlie is fourth', 'E': 'Charlie is last'}",B,"B: The quickest way to solve this type of question is by quickly mapping out what we know and going from there: Chair 1: Dana – We are told Dana is seated first in line. Chair 2: Charlie – Charlie must be seated to the left of Evan, and this is the only seat that works after we place Dana, Alex, and Beth. Chair 3: Evan Chair 4: Alex – We are told Alex is seated immediately to the left of Beth. Chair 5: Beth – We are told Beth is seated last in line."
